{"_step":524,"epoch":24,"batch":190,"val_acc":96.76945668135096,"_wandb":{"runtime":3541},"val_loss":0.11607502985659034,"train_loss":0.09122494616119856,"_timestamp":1.7363064756887531e+09,"_runtime":3530.178857554,"batch_loss":0.05103221535682678}