{"_timestamp":1.7373482483601215e+09,"val_acc":95.15133705553923,"batch":990,"_step":2322,"val_loss":0.15955288761396216,"epoch":22,"batch_loss":0.00698154978454113,"_runtime":2271.466030577,"_wandb":{"runtime":2277},"train_loss":0.1064063054906891}