{"_wandb":{"runtime":213},"batch_loss":0.29441922903060913,"batch":190,"_timestamp":1.736207098865841e+09,"_runtime":204.132457532,"_step":19}