{"_wandb":{"runtime":21},"batch_loss":2.304626703262329,"batch":20,"_timestamp":1.7366112922539988e+09,"_runtime":20.16839807,"_step":2}