{"_runtime":6910.310848284,"val_loss":0.1578691253988422,"batch_loss":0.10993926972150803,"train_loss":0.1330445985139084,"_wandb":{"runtime":6930},"_timestamp":1.7373454416965148e+09,"epoch":19,"batch":990,"_step":2019,"val_acc":94.35791948280928}