{"batch_loss":0.26702380180358887,"_runtime":7369.163888136,"batch":990,"train_loss":0.13721679091502323,"val_loss":0.16391801678366794,"val_acc":94.91625036732295,"_step":1413,"epoch":13,"_timestamp":1.7374114966849236e+09,"_wandb":{"runtime":7396}}