{"batch_loss":0.017570866271853447,"val_acc":94.7503671071953,"batch":190,"train_loss":0.0347570044406217,"epoch":11,"_timestamp":1.7361747111198444e+09,"_runtime":1881.720269177,"_step":251,"_wandb":{"runtime":1891},"val_loss":0.1641400384954935}