{"_step":655,"_runtime":1236.038552045,"epoch":15,"train_loss":0.04399735816301317,"_wandb":{"runtime":1241},"_timestamp":1.7362229328355544e+09,"val_acc":98.86196769456681,"val_loss":0.043871166377442046,"batch_loss":0.18552881479263306,"batch":390}