{"_wandb":{"runtime":1403},"train_loss":0.13721720057508927,"batch_loss":0.049901653081178665,"_step":1817,"val_acc":94.7105495151337,"epoch":17,"val_loss":0.15041848030045166,"_runtime":1397.772613198,"batch":990,"_timestamp":1.7374034208876462e+09}