{"epoch":22,"batch":190,"_step":482,"train_loss":0.11097004716214373,"batch_loss":0.12439575046300888,"_runtime":10379.96499114,"_timestamp":1.7362887176995018e+09,"val_acc":94.01615271659324,"val_loss":0.16820873476045076,"_wandb":{"runtime":10412}}