{"val_loss":0.9649009147756978,"_step":713,"epoch":33,"train_loss":0.9091060339200376,"batch_loss":1.3165286779403687,"batch":190,"_wandb":{"runtime":4661},"_runtime":4655.810700357,"_timestamp":1.7367105743165507e+09,"val_acc":63.63636363636363}