{"_step":2024,"batch":790,"epoch":24,"batch_loss":0.11264444887638092,"_runtime":37466.328686847,"_timestamp":1.7364134118436897e+09,"train_loss":0.20147631701884453,"val_loss":0.2143234693886418,"_wandb":{"runtime":37562},"val_acc":92.76798825256975}