{"val_acc":88.12812224507788,"_timestamp":1.737419579246718e+09,"_runtime":3306.951516717,"val_loss":0.3351840290717536,"_step":1817,"epoch":17,"train_loss":0.3043182730859508,"_wandb":{"runtime":3321},"batch":990,"batch_loss":0.05678314343094826}