{"train_loss":0.030585134704597294,"batch":90,"_timestamp":1.7361356464498184e+09,"epoch":14,"val_loss":0.06234649166634137,"val_acc":98.53157121879589,"_step":164,"_wandb":{"runtime":2287},"batch_loss":0.032183218747377396,"_runtime":2277.618524016}