{"_step":482,"batch_loss":0.07504831254482269,"train_loss":0.11394459636760267,"val_loss":0.13969101921416993,"_timestamp":1.7361861741658168e+09,"epoch":22,"val_acc":95.37444933920705,"_wandb":{"runtime":7316},"_runtime":7294.713913128,"batch":190}