{"batch":990,"batch_loss":0.19780050218105316,"val_acc":94.6223920070526,"epoch":28,"_step":2928,"train_loss":0.10732764251748111,"_timestamp":1.7374153411408322e+09,"_runtime":3286.771736177,"_wandb":{"runtime":3293},"val_loss":0.1692450978766423}