{"val_acc":96.10866372980911,"_wandb":{"runtime":36248},"_step":3320,"epoch":40,"val_loss":0.11636530881957287,"batch":790,"_runtime":36189.833052765,"train_loss":0.11403289941921478,"batch_loss":0.22316089272499084,"_timestamp":1.7364674498862593e+09}