{"_runtime":1055.042056867,"_wandb":{"runtime":1057},"val_acc":84.70066518847007,"train_loss":0.2631856510086418,"val_loss":0.5067688065270582,"batch":190,"batch_loss":0.09284845739603043,"_step":482,"_timestamp":1.7366131609240146e+09,"epoch":22}