{"val_acc":63.30376940133038,"_runtime":2324.034098277,"batch_loss":1.2772274017333984,"_timestamp":1.736715499207591e+09,"batch":190,"_step":398,"train_loss":0.879734969801373,"epoch":18,"_wandb":{"runtime":2330},"val_loss":0.9274628578048003}