{"_timestamp":1.7366164838893197e+09,"val_loss":0.6011674631909844,"_runtime":1033.00512015,"_wandb":{"runtime":1035},"batch":190,"_step":461,"epoch":21,"batch_loss":0.14427363872528076,"train_loss":0.26822725499067646,"val_acc":80.04434589800444}