{"val_acc":22.61640798226164,"val_loss":1.891922337967053,"_step":209,"batch_loss":1.7364732027053833,"batch":190,"train_loss":1.8944233397040704,"_wandb":{"runtime":477},"epoch":9,"_runtime":474.298455888,"_timestamp":1.7367243189726338e+09}