{"_wandb":{"runtime":6048},"_runtime":6024.647438521,"batch_loss":0.06500297784805298,"train_loss":0.046466318829027214,"val_acc":94.78707782672541,"val_loss":0.19385878192694034,"_step":614,"batch":390,"epoch":14,"_timestamp":1.736217920227412e+09}