{"batch":190,"batch_loss":0.14322762191295624,"_wandb":{"runtime":1590},"_runtime":1586.930752225,"_step":440,"_timestamp":1.7366181930489476e+09,"val_loss":0.5515254954235596,"val_acc":82.92682926829268,"epoch":20,"train_loss":0.30965396329158484}