{"_wandb":{"runtime":2431},"_runtime":2425.576345979,"_step":440,"train_loss":1.892477441315699,"batch":190,"epoch":20,"val_acc":22.61640798226164,"batch_loss":1.8671149015426636,"_timestamp":1.7366232626250343e+09,"val_loss":1.8907269594962137}