{"val_loss":0.034352906176010084,"val_acc":98.75183553597651,"_wandb":{"runtime":10217},"train_loss":0.050573623767399024,"epoch":17,"batch_loss":0.010932725854218006,"_runtime":10188.652877723,"_timestamp":1.7362338608619635e+09,"_step":1457,"batch":790}