{"val_loss":0.17428281876193577,"val_acc":94.05286343612335,"_wandb":{"runtime":15089},"batch_loss":0.3480776250362396,"batch":390,"_runtime":15056.480140273,"epoch":31,"_timestamp":1.7363664390723197e+09,"_step":1311,"train_loss":0.14090031819492954}