{"val_acc":92.76798825256975,"_timestamp":1.736300653706132e+09,"batch_loss":0.21807557344436646,"batch":190,"_step":440,"_wandb":{"runtime":8174},"_runtime":8149.593691999,"epoch":20,"train_loss":0.17284641350296573,"val_loss":0.21229900887539221}