{"_timestamp":1.736611711917481e+09,"_wandb":{"runtime":41},"_runtime":41.548685733,"_step":18,"batch_loss":1.040082573890686,"batch":180}