{"_wandb":{"runtime":21},"batch_loss":1.1556566953659058,"batch":70,"_timestamp":1.7366115100936005e+09,"_runtime":20.43358342,"_step":7}