{"_timestamp":1.736178566213573e+09,"_runtime":2510.495638434,"epoch":9,"val_loss":0.10486103722089252,"_wandb":{"runtime":2525},"_step":209,"val_acc":96.32892804698972,"batch_loss":0.055258963257074356,"train_loss":0.042225927773198516,"batch":190}