{"val_loss":0.1308296887457719,"_runtime":12033.866729214,"_step":1716,"_timestamp":1.7374018719584265e+09,"batch":990,"val_acc":95.94475462826918,"train_loss":0.11272044639922418,"_wandb":{"runtime":12069},"batch_loss":0.013529102317988873,"epoch":16}