{"_wandb":{"runtime":1925},"batch":190,"batch_loss":0.03311280906200409,"epoch":16,"val_acc":86.9179600886918,"_runtime":1920.64900396,"_step":356,"_timestamp":1.7366258086642842e+09,"val_loss":0.5004523575179312,"train_loss":0.20172333606340068}