{"val_acc":98.34801762114537,"batch_loss":0.0652562603354454,"batch":190,"val_loss":0.05369123319423823,"train_loss":0.05285420363661295,"_runtime":4158.441047937,"epoch":15,"_step":335,"_wandb":{"runtime":4174},"_timestamp":1.7361409161140552e+09}