{"batch":190,"train_loss":0.8617066652184785,"epoch":31,"_step":671,"batch_loss":1.0839080810546875,"_wandb":{"runtime":3923},"_runtime":3917.278230547,"_timestamp":1.7367002691140625e+09,"val_acc":66.29711751662971,"val_loss":0.9135622902397524}