{"batch_loss":0.44374871253967285,"epoch":36,"val_acc":71.50776053215077,"_timestamp":1.7367131249790099e+09,"_runtime":1385.597568192,"_wandb":{"runtime":1387},"batch":190,"_step":776,"val_loss":0.738816889493089,"train_loss":0.5721232716483299}