{"_runtime":375.454338141,"_wandb":{"runtime":378},"batch_loss":0.5586929321289062,"batch":190,"val_acc":23.61419068736142,"_step":125,"train_loss":1.0134664892849297,"val_loss":3.3352758528893456,"epoch":5,"_timestamp":1.7366237172387102e+09}