{"val_loss":0.1129102754463485,"batch":390,"_step":573,"epoch":13,"batch_loss":0.1296689808368683,"val_acc":96.73274596182085,"_wandb":{"runtime":843},"_runtime":838.408825844,"_timestamp":1.736220624413349e+09,"train_loss":0.04578594700023813}