{"epoch":11,"batch_loss":0.1967318058013916,"_wandb":{"runtime":1778},"_timestamp":1.7366483138925915e+09,"_runtime":1772.378593694,"_step":251,"train_loss":0.1814064440961852,"batch":190,"val_loss":0.33338282055940416,"val_acc":91.90687361419069}