{"val_loss":0.15557210901102356,"batch":190,"train_loss":0.13655197765472246,"val_acc":95.11747430249633,"_timestamp":1.73620200673913e+09,"_step":839,"_runtime":15336.391864466,"epoch":39,"_wandb":{"runtime":15362},"batch_loss":0.3166791796684265}