{"batch_loss":2.2482101917266846,"val_acc":30.65345080763583,"_wandb":{"runtime":1061},"batch":190,"_step":125,"val_loss":1.9188926109047824,"_runtime":1047.89978469,"epoch":5,"_timestamp":1.7363483043368711e+09,"train_loss":1.9694842567395925}