{"_step":146,"_timestamp":1.7367279933991947e+09,"epoch":6,"_wandb":{"runtime":891},"val_loss":1.8955863860615514,"_runtime":885.538762852,"train_loss":1.8969814801456952,"val_acc":22.61640798226164,"batch":190,"batch_loss":1.8744786977767944}