{"epoch":11,"_wandb":{"runtime":1001},"train_loss":0.051095268243909746,"_runtime":995.71101849,"val_loss":0.10463411520170264,"val_acc":97.02643171806167,"batch_loss":0.07220684736967087,"_timestamp":1.7363699951794467e+09,"batch":190,"_step":251}