{"val_loss":1.8936551265549242,"epoch":8,"batch":190,"train_loss":1.8939895738254895,"batch_loss":2.1008670330047607,"_step":188,"_wandb":{"runtime":2029},"_timestamp":1.736732324035264e+09,"_runtime":2019.400403198,"val_acc":19.955654101995567}