{"batch":10,"_timestamp":1.7366114115505195e+09,"_wandb":{"runtime":17},"_runtime":14.618923867,"_step":1,"batch_loss":2.3748795986175537}