{"_runtime":3675.654123943,"val_loss":0.17737261915225272,"val_acc":93.38818689391714,"_wandb":{"runtime":3687},"_timestamp":1.7373187750899565e+09,"_step":1817,"epoch":17,"batch_loss":0.08464418351650238,"batch":990,"train_loss":0.15183469289229115}