{"_wandb":{"runtime":10127},"_step":3029,"_runtime":10108.674299725,"epoch":29,"train_loss":0.12785594171081452,"batch_loss":0.20491580665111542,"_timestamp":1.7373299094017198e+09,"val_acc":94.88686453129591,"batch":990,"val_loss":0.15725859089212343}