{"batch_loss":0.0064744967967271805,"_step":2928,"_wandb":{"runtime":6124},"_runtime":6112.058945106,"epoch":28,"val_acc":95.18072289156626,"train_loss":0.10639244628191362,"_timestamp":1.7373366435365057e+09,"batch":990,"val_loss":0.1465264260234637}