{"val_loss":0.15540951236995848,"val_acc":95.41116005873715,"epoch":13,"_timestamp":1.736210767513005e+09,"batch":190,"_wandb":{"runtime":3125},"_runtime":3111.822483168,"_step":293,"batch_loss":0.19891522824764252,"train_loss":0.06897706417226462}