{"batch_loss":0.2317097932100296,"batch":50,"_timestamp":1.736368975526409e+09,"_runtime":24.491256063,"_step":5,"_wandb":{"runtime":25}}