{"batch":190,"epoch":19,"_runtime":329.716591167,"batch_loss":0.20178543031215668,"val_acc":87.6940133037694,"_timestamp":1.7366381845289507e+09,"train_loss":0.18444075442455482,"val_loss":0.4214296168075842,"_wandb":{"runtime":331},"_step":419}