{"batch":190,"val_loss":1.0785251850621742,"epoch":12,"_wandb":{"runtime":5106},"_step":272,"batch_loss":1.1075013875961304,"_timestamp":1.736722103052522e+09,"val_acc":59.75609756097561,"_runtime":5089.345447583,"train_loss":1.063727930940763}