{"batch_loss":0.031074367463588715,"_runtime":7117.550076976,"val_loss":0.11301005155194638,"_wandb":{"runtime":7151},"_step":335,"batch":190,"epoch":15,"_timestamp":1.7363139822806098e+09,"val_acc":95.99853157121879,"train_loss":0.11265961152861766}