{"epoch":17,"_runtime":1399.107045616,"train_loss":0.29050043137800513,"_wandb":{"runtime":1402},"val_acc":79.71175166297118,"batch":190,"_step":377,"_timestamp":1.736615347978877e+09,"val_loss":0.5351457746797487,"batch_loss":0.17457377910614014}