{"epoch":18,"batch":190,"_step":398,"batch_loss":0.14848896861076355,"_timestamp":1.7367329318188415e+09,"val_acc":80.04434589800444,"train_loss":0.2732457009642714,"_wandb":{"runtime":458},"_runtime":457.097043247,"val_loss":0.5826505089603495}