{"batch_loss":0.18458200991153717,"batch":70,"_wandb":{"runtime":23},"_timestamp":1.736368899307089e+09,"_runtime":21.714006177999998,"_step":7}