{"_wandb":{"runtime":763},"epoch":7,"_timestamp":1.7366194669169261e+09,"batch":190,"_step":167,"val_loss":1.9011914102654708,"val_acc":22.61640798226164,"train_loss":1.8942843874295552,"batch_loss":2.0818896293640137,"_runtime":758.621057357}