{"val_loss":0.3711555436980633,"batch_loss":0.2592894434928894,"batch":190,"_timestamp":1.7366397754863622e+09,"val_acc":88.02660753880266,"train_loss":0.21014916943386197,"_runtime":305.292362097,"epoch":13,"_wandb":{"runtime":306},"_step":293}